Timestamp (EST),baseline.out.electricity.ceiling_fan.energy_consumption.kwh,baseline.out.electricity.clothes_dryer.energy_consumption.kwh,baseline.out.electricity.clothes_washer.energy_consumption.kwh,baseline.out.electricity.cooling.energy_consumption.kwh,baseline.out.electricity.cooling_fans-pumps.energy_consumption.kwh,baseline.out.electricity.dishwasher.energy_consumption.kwh,baseline.out.electricity.freezer.energy_consumption.kwh,baseline.out.electricity.heating.energy_consumption.kwh,baseline.out.electricity.heating_fans-pumps.energy_consumption.kwh,baseline.out.electricity.heating_hp-bkup.energy_consumption.kwh,baseline.out.electricity.heating_hp-bkup-fa.energy_consumption.kwh,baseline.out.electricity.hot_water.energy_consumption.kwh,baseline.out.electricity.lighting_exterior.energy_consumption.kwh,baseline.out.electricity.lighting_garage.energy_consumption.kwh,baseline.out.electricity.lighting_interior.energy_consumption.kwh,baseline.out.electricity.mech_vent.energy_consumption.kwh,baseline.out.electricity.permanent_spa-heat.energy_consumption.kwh,baseline.out.electricity.permanent_spa-pump.energy_consumption.kwh,baseline.out.electricity.plug_loads.energy_consumption.kwh,baseline.out.electricity.pool_heater.energy_consumption.kwh,baseline.out.electricity.pool_pump.energy_consumption.kwh,baseline.out.electricity.range_oven.energy_consumption.kwh,baseline.out.electricity.refrigerator.energy_consumption.kwh,baseline.out.electricity.well_pump.energy_consumption.kwh,Total_Sum,Average kW
12:15 a.m.,14608.30693275414,61172.6852841335,1762.6633487157856,1902305.1067462235,422085.469857168,6397.772444320869,33099.45198502281,7084.117002213397,234.3714022711557,0,0,199810.03890083896,26479.292466269828,1356.2222288306211,94577.79229442276,4427.389156438484,5177.229626744776,10211.87518738847,692535.5607338578,345.148641782985,3378.8151358209057,10051.747747340996,173680.4112756969,13152.694678373677,3683934.163076631,1.1743622521465626
12:30 a.m.,14547.334036727649,50603.98829914346,1541.184560183746,1842598.764946172,409816.0495757701,4924.675686375793,33099.4519850228,7668.9942510632445,249.4338101033517,0,0,174507.25420613258,26479.29246626983,1347.1982402187036,93016.28063221191,4427.389156438484,5177.229626744777,10211.87518738847,693093.9210804772,345.148641782985,3378.8151358209057,8790.643236311698,173680.41127569694,13152.694678373677,3572658.03071443,1.1388897155521795
12:45 a.m.,14432.149928592646,41495.55432874177,1302.0110167220914,1797847.6616522374,400574.9806338881,3869.8614052269786,33099.4519850228,8258.572720448099,268.4657637182371,0,0,153734.72204597492,26479.292466269828,1329.6380461630768,90073.82118057505,4427.389156438484,5177.229626744777,10211.875187388472,694127.7775055015,345.148641782985,3378.815135820905,7891.742957843561,173680.41127569694,13152.694678373671,3485159.2673391723,1.110996913925239
1:00 a.m.,14393.589828140031,34407.90510358613,1080.5910985724215,1747869.2300361616,390070.7803578122,3117.750220172099,33099.45198502281,8957.540770331758,289.00311711087966,0,0,136330.55132374022,26479.29246626983,1323.843518526905,89061.0824027118,4427.389156438484,5177.229626744777,10211.875187388472,694482.2192576443,345.148641782985,3378.8151358209057,6855.20372539344,173680.4112756969,13152.694678373671,3398191.598913443,1.0832734144175602
1:15 a.m.,14141.170448644978,29235.023475082136,817.6591507970016,1751355.02947686,392062.39062356605,2590.5995862637324,29879.57847154769,9338.575115196812,301.0967756606832,0,0,122153.77270381512,26229.782965674876,1271.1881665238996,79750.1174968467,4496.015202173113,6246.483971683586,12260.850435735318,692777.1731931604,345.148641782985,3378.82354587553,6004.804231943877,170730.75281730294,6969.328166645778,3362335.364662784,1.071843186258181
1:30 a.m.,14122.407616778077,24811.7888856281,608.0301292306593,1699023.5402673862,381119.26959664543,2238.209887449189,29879.57847154769,9930.844802061454,316.1591834928792,0,0,107233.99939804792,26229.78296567487,1270.4733118808306,79476.042226694,4496.015202173114,6246.483971683586,12260.850435735318,693299.1600535291,345.14864178298507,3378.8235458755294,5183.730598969394,170730.752817303,6969.328166645777,3279170.420176215,1.0453319167339379
1:45 a.m.,14095.26837050532,21554.15422688932,529.4297587115612,1660935.613921607,373064.00994674064,2091.033931523209,29879.578471547688,10598.35924765008,337.6468730580724,0,0,99528.79145177228,26229.782965674876,1269.5229757082789,79075.80772712159,4496.015202173113,6246.483971683585,12260.85043573532,694023.5685186516,345.148641782985,3378.82354587553,4769.90545112403,170730.752817303,6969.328166645778,3222409.876619485,1.027237825793758
2:00 a.m.,14086.067770746296,17771.917180793356,432.07496638018125,1616986.1486244102,363593.4726644335,2033.6689489305732,29879.57847154769,11392.024512603835,360.9259042582501,0,0,93079.6840340244,26229.782965674876,1269.0351925400676,78929.62415764127,4496.015202173113,6246.483971683586,12260.85043573532,694301.8908663891,345.148641782985,3378.8235458755303,4429.5084902038025,170730.752817303,6969.328166645778,3159202.8075317764,1.0070887154352184
2:15 a.m.,14053.091946564233,13610.941734744789,401.9249205519162,1584792.9641257075,357031.6705147196,1876.855070405099,29789.506786520997,18290.58206958576,521.7681989487862,0,0,86799.50097346118,26140.8886882956,1265.410458996976,76642.93030528269,4270.709838786996,5202.207488979073,10267.667489766356,694303.3121656203,345.14864178298507,3378.82354587553,4279.052612974327,165235.62312575415,5610.4315404446015,3104111.012243769,0.9895265870351849
2:30 a.m.,14043.31105303613,11103.349387623311,394.835244503596,1554039.4548278728,350626.21128047217,1791.560296405024,29789.506786520997,13049.040755128635,418.1142757037742,0,0,82721.75142797508,26140.8886882956,1265.3768187784788,76636.11816103694,4270.709838786996,5202.207488979073,10267.667489766356,694684.0101082999,345.14864178298507,3378.82354587553,4124.181457067075,165235.62312575415,5610.4315404446015,3055138.322240109,0.9739151032299632
2:45 a.m.,14032.134090440377,9342.696041962745,391.0338998133937,1517249.0737598117,342788.97388664907,1652.7859850487607,29789.506786521,14840.46649065968,466.1609177726387,0,0,80360.21649951456,26140.8886882956,1265.3768187784788,76626.34567756343,4270.709838786995,5202.207488979072,10267.667489766356,695100.0050502388,345.148641782985,3378.82354587553,4149.377980721599,165235.62312575403,5610.431540444604,3008505.654245181,0.9590495701922092
3:00 a.m.,14027.971113401329,8628.228261406419,361.90988064929815,1480603.6568033108,334789.8429413071,1436.891472787283,29789.506786520997,15441.524684606757,486.80760187539767,0,0,78679.48390294907,26140.888688295607,1265.3768187784788,76623.08257636921,4270.709838786996,5202.207488979073,10267.667489766356,695273.7820089419,345.1486417829849,3378.82354587553,4515.257407153589,165235.62312575415,5610.431540444604,2962374.822619743,0.944344012241684
3:15 a.m.,13998.468641779133,8124.508039681466,324.53559789872327,1457267.681123271,330547.60954747844,1274.3587571172552,29789.506786521,22584.545709409045,615.1198052789798,0,0,75433.40465926415,26137.86106863083,1265.2927182322353,76568.753623496,4222.772527428248,6246.483971683586,12260.85043573532,694708.7693091143,455.4044579081052,4507.368775915948,5147.491673593102,162138.1159070635,4356.996999232694,2937975.900135733,0.9365661388351891
3:30 a.m.,13994.936418836907,7477.648688250221,323.24885954119907,1431343.9484554313,324901.2250235144,1084.8045359392167,29789.506786521,17479.499581504984,543.8614124469324,0,0,74767.47130394485,26137.86106863083,1265.2927182322353,76568.75362349598,4222.772527428248,6246.483971683586,12260.850435735318,694934.781117089,455.4044579081052,4507.368775915948,6385.80493659043,162138.1159070635,4356.996999232694,2901186.6376049374,0.924838480498213
3:45 a.m.,13995.331691404248,6963.14677649687,468.1877409371048,1400224.5176808906,318202.30534320505,1085.124118014942,29789.50678652099,19746.253194349192,593.5732453314163,0,0,81807.47756965358,26137.86106863084,1265.2927182322353,76568.75362349598,4222.772527428248,6246.483971683586,12260.850435735318,694857.921627877,455.40445790810526,4507.368775915949,9536.833742911049,162138.1159070635,4356.996999232693,2875430.080002919,0.9166278210091771
4:00 a.m.,13995.27282102188,7503.618936930188,689.1030558093136,1368813.4514421425,311247.58544144186,1196.279809984867,29789.506786520997,20401.430089803915,625.0520797903275,0,0,86461.6858993105,26137.86106863084,1265.2927182322353,76568.75362349598,4222.772527428248,6246.483971683586,12260.85043573532,694879.014044875,455.40445790810526,4507.368775915949,14069.752264775763,162138.11590706345,4356.996999232693,2847831.6531577334,0.9078300115829232
4:15 a.m.,13996.433408560037,8524.422957178162,845.4039210027048,1298577.611921704,295283.1992507851,1314.8027098057144,29789.506786520997,29851.26181762616,799.3672819890592,0,0,88710.30743438473,26226.755346010115,1265.2927182322353,76764.03509187317,4447.068684259442,10082.225785299606,19774.14093548349,693265.1329725186,912.0704240098624,8902.715624235676,17176.931046285063,157392.57438418377,4655.217536211854,2788556.4780381597,0.8889343079496994
4:30 a.m.,13996.996882219866,10427.761289595312,948.7466722266166,1287876.4818065462,292827.08484801964,1434.048874324256,29789.506786520997,23609.99207980965,706.3688979530881,0,0,96289.38138140451,26226.755346010115,1265.2927182322353,76765.64982236107,4447.068684259441,10082.225785299606,19774.14093548349,693228.4483142468,912.0704240098624,8902.715624235676,19694.88458070372,157392.57438418377,4655.217536211854,2781253.413673858,0.8866062416122517
4:45 a.m.,14004.675262091889,12206.277591277983,1044.6297049987363,1257703.6110900296,286181.2157922806,1528.93111059608,29789.506786521,26155.00075995481,764.9365183570039,0,0,105073.4479549999,26226.75534601011,1265.2927182322353,76791.05659738119,4447.068684259442,10082.225785299604,19774.14093548349,692516.0662272372,912.0704240098624,8902.715624235676,23713.906714748027,157392.57438418377,4655.217536211855,2761131.3235484003,0.8801917341776525
5:00 a.m.,14006.87869640347,14068.08707396012,1182.941463350661,1235680.234685484,281250.5016866846,1804.1249180137904,29789.506786520997,26971.70957457928,797.2479482237245,0,0,114899.25117480331,26226.75534601011,1265.2927182322353,76795.89237879016,4447.068684259442,10082.225785299606,19774.14093548349,692370.2442901058,912.0704240098622,8902.715624235674,28290.65003126018,157392.57438418377,4655.217536211855,2751565.3321461063,0.8771422933597877
5:15 a.m.,14119.329536785564,16023.441594228836,1510.0589480190574,1178593.0193769813,268442.2071552325,2144.429368333154,29789.506786520997,37871.42630958341,1062.5347112939614,0,0,135977.9093232869,22993.50984568285,1315.475514175684,89916.21675691492,4844.948368537049,14396.079204309468,28297.14259343012,690348.2316768859,1721.2017794177798,16702.873087220174,36079.28571940931,157259.61142057282,5275.627265849554,2754684.0663426714,0.8781364815164691
5:30 a.m.,14124.22418857692,18850.9187790418,1916.4664276857472,1173556.1872021349,267248.99701518554,2760.121057326588,29789.506786521,30988.385303383388,931.4808300828436,0,0,155768.33212452306,22993.509845682845,1317.157525100553,90267.01695540544,4844.948368537049,14396.079204309472,28297.14259343012,690136.7356231923,1721.2017794177798,16702.873087220174,45276.82421855591,157259.61142057282,5275.627265849552,2774423.3476017364,0.8844289573775985
5:45 a.m.,14203.16096128101,23380.89378178797,2455.8536910725297,1149864.777383508,262037.71507726688,3563.684956573194,29789.506786520997,34295.05899063669,1023.276576307534,0,0,181388.7477622816,22993.50984568285,1341.7232946582562,95481.64609506464,4844.94836853705,14396.07920430947,28297.14259343012,686823.7964452449,1721.2017794177796,16702.873087220174,57918.10347522335,157259.61142057282,5275.627265849552,2795058.9388424475,0.8910071583798603
6:00 a.m.,14212.445661586284,28888.64696532401,3091.208087777674,1133578.5468124317,258409.0708587753,4798.398716191302,29789.506786521,35401.62874794372,1063.1234151176652,0,0,212096.72502438017,22993.50984568285,1344.8350148692623,95998.68784331463,4844.94836853705,14396.07920430947,28297.14259343012,686509.1678916931,1721.201779417779,16702.87308722017,74166.23649885078,157259.61142057285,5275.627265849552,2830839.2218897967,0.9024131748616626
6:15 a.m.,15377.255047167164,37101.31760763244,3835.58202257816,1088279.7471211425,247979.95555038544,6301.452088708282,29789.506786520997,45426.3129395036,1322.758621480344,0,0,233756.13108489307,22613.54357775517,2632.1536661626656,177774.5183774147,5859.705559510129,12378.675301022366,24365.52615709669,696514.8369497455,2975.1409239071345,29000.05495893264,89601.6975340734,164872.56106762108,7590.747102838376,2945349.1800460923,0.9389165884409456
6:30 a.m.,15376.977515364562,48328.86668194803,4569.510669535217,1090121.8854860575,248379.626576298,8087.259907750255,29789.506786520997,39172.18422816647,1177.382417243973,0,0,259262.51479200023,22613.543577755176,2627.301064644421,177662.6814710202,5859.705559510129,12378.675301022364,24365.52615709669,696507.4276916215,2975.140923907135,29000.05495893264,104144.96951441804,164872.56106762105,7590.747102838374,2994864.0494512725,0.9547009078601743
6:45 a.m.,15768.070285560449,58348.67304182578,5448.386607942802,1073761.5202834683,244776.08637086,10279.937759463255,29789.506786520997,42303.89513901495,1260.440116713972,0,0,273838.6028054891,22613.54357775517,2966.007604585157,199753.3467226149,5859.705559510129,12378.675301022366,24365.526157096687,695935.4598766203,2975.140923907135,29000.054958932637,118150.7380836118,164872.5610676211,7590.747102838374,3042036.6261329753,0.9697385526548944
7:00 a.m.,15720.923519336378,69442.93116040017,6483.555001489152,1062818.500177204,242327.71762840316,12753.090932898069,29789.506786521,43285.04575170919,1297.2509258047164,0,0,285494.7282634611,22613.54357775517,2922.0314289544767,197135.78450122543,5859.70555951013,12378.675301022364,24365.52615709669,695980.3863884234,2975.140923907135,29000.054958932637,131309.64779235277,164872.5610676211,7590.747102838375,3066417.0549068665,0.9775105306479251
7:15 a.m.,17408.871942770067,83523.12030296471,7526.4858754537745,1040119.8804868704,236385.37487215453,15609.809877639842,33009.38029999611,54611.87552086512,1553.7660019017644,0,0,294702.79615099734,21824.17585071456,4286.1506990772505,282154.9357810971,6574.980705310401,5341.2256919194415,10583.549141456628,730654.4949510356,5030.1377713650345,49010.60252990636,140116.8672463292,173305.49104054365,9657.097524039147,3222991.070264408,1.027423098344127
7:30 a.m.,17263.71439995388,100660.74275393569,8368.618285207609,1067392.4765857446,242075.96264322376,18363.673854325916,33009.380299996126,43461.900790404456,1320.6813379881323,0,0,300285.47451118164,21824.17585071455,4152.018737873635,273617.81364143605,6574.980705310403,5341.225691919443,10583.549141456628,729380.9603792722,5030.137771365037,49010.60252990636,142927.13745938067,173305.49104054368,9657.097524039147,3263607.8159351796,1.0403708793872486
7:45 a.m.,17453.293851295843,117929.10791409654,9248.764141863468,1087463.0298964635,246377.99993548635,20849.400059424093,33009.38029999612,43483.5062207344,1314.7017891502246,0,0,302726.5433262245,21824.175850714557,4295.258788235414,282977.4391233576,6574.980705310402,5341.225691919442,10583.549141456628,730888.2440092649,5030.137771365035,49010.60252990636,142244.375584758,173305.49104054365,9657.097524039144,3321588.305195606,1.0588538638637053
8:00 a.m.,17260.91385176398,134199.78829417177,10003.53290417964,1118942.8819719837,253329.2380746352,23606.434626703554,33009.380299996126,40237.55312786883,1238.0946015770955,0,0,305405.6503273549,21824.17585071455,4118.714921561243,271636.71594396216,6574.980705310403,5341.225691919443,10583.549141456628,729230.1512797482,5030.137771365035,49010.60252990635,139892.75611069967,173305.49104054365,9657.097524039147,3363439.066591461,1.072195023675812
8:15 a.m.,14618.55037928656,150407.92309800567,10763.406569652783,1145075.007383361,257214.22075807676,25736.20526982649,33099.45198502281,46988.959959088665,1340.4197361914623,0,0,308025.84489584144,19894.825219344548,4684.795698325645,307903.2599396374,5076.056669613958,5177.229626744778,10211.908827606969,743812.2693023983,9591.246796330544,93489.36302494004,136855.254631753,178716.09968311197,9722.443648470286,3518404.743102631,1.1215948861101308
8:30 a.m.,14590.889709627105,165450.93734423816,11418.507774615897,1230656.9679287462,274423.63984537526,27235.61708869112,33099.45198502282,31991.873021159838,1010.2578117490524,0,0,311436.92100120155,19894.825219344548,4569.485439371305,300475.3567244902,5076.056669613958,5177.229626744777,10211.908827606969,742445.5681455057,9591.246796330544,93489.36302494004,132045.19116979776,178716.09968311203,9722.443648470287,3612729.8384857546,1.1516637816290327
8:45 a.m.,14606.624921829243,179455.25097398183,12124.700061421863,1302083.587083443,288348.81486110395,28217.75167777638,33099.45198502281,29558.676017245318,929.42036669988,0,0,313099.02532677393,19894.825219344548,4633.536415390282,304383.1222459091,5076.056669613958,5177.229626744778,10211.908827606969,743256.0871599269,9591.246796330544,93489.36302494004,126149.2803251299,178716.09968311203,9722.443648470287,3711824.5029178173,1.1832531174169871
9:00 a.m.,14578.686720367168,191269.4434086184,12725.270472200746,1386250.026104844,304532.39230543457,28462.18150537824,33099.45198502281,24885.788956267683,805.6327726841935,0,0,316108.16810152744,19894.825219344544,4515.248997098926,296766.9179077229,5076.056669613958,5177.229626744779,10211.908827606969,741841.9869351719,9591.246796330544,93489.36302494006,118897.46683370708,178716.09968311203,9722.443648470287,3806617.8365022084,1.213471277619849
9:15 a.m.,13361.600435241638,203775.93471982155,13141.980268782236,1437203.6287847755,312820.00494450063,28387.559090696457,33099.45198502281,28656.03326446935,878.3881552393743,0,0,323036.7831937367,16969.30361772025,4764.388455290406,311464.9180730462,4648.909995243645,4172.56450132091,8106.703954041735,746348.5483458432,13864.22734986609,135073.21451718302,112687.55818958484,178858.65010899454,9372.248973912689,3940692.6009243336,1.2562115480299183
9:30 a.m.,13374.232337287393,215657.12164959565,13488.1212970109,1555810.5450513216,335477.6928989778,27994.759079411957,33099.45198502282,18366.84444491929,636.7168255542892,0,0,331910.3747988084,16969.30361772025,4687.007542691846,306494.91219224525,4648.909995243645,4172.56450132091,8106.703954041735,745379.516621863,13864.22734986609,135073.21451718302,107145.85361553036,178858.65010899454,9372.248973912689,4080588.9733585236,1.300807627038492
9:45 a.m.,13375.914348212264,225811.64867450052,13525.150767521882,1652151.362326809,352989.26842882007,27667.422933323327,33099.45198502281,16905.43766290206,582.589713992026,0,0,339403.1363552183,16969.30361772025,4669.573499455583,305516.7471489428,4648.909995243646,4172.56450132091,8106.7039540417345,745223.2662169973,13864.22734986609,135073.21451718302,100632.82137258284,178858.65010899448,9372.248973912689,4202619.614452585,1.3397084792693654
10:00 a.m.,13388.91629266149,234831.41543899797,13500.89616998528,1760172.1980254543,372323.5803275593,27050.48655624549,33099.45198502282,14259.516737319402,507.4374658689082,0,0,349713.1737001824,16969.30361772025,4581.45294710174,300097.9218830044,4648.909995243643,4172.56450132091,8106.703954041735,744145.0131136104,13864.227349866094,135073.21451718302,93178.19100383944,178858.65010899457,9372.248973912683,4331915.474665136,1.3809253335536533
10:15 a.m.,13529.305334505616,239251.605588678,13513.931754653004,1812627.0963764885,380095.6061578255,25748.01298651907,33099.4519850228,18976.909807369047,560.4208100022611,0,0,357179.43517447106,13338.178433113491,4649.103426499938,301769.134297735,4177.358232456803,3262.5124904208924,6433.187184343956,746053.5909100584,14588.333053021908,142686.92106914573,87625.20854653367,173680.4112756969,9711.846979643617,4402557.561874204,1.403444574386636
10:30 a.m.,13538.60685492014,242671.0244682252,13279.198720033008,1944613.5601348449,404162.81926734216,24152.31445226033,33099.4519850228,10997.105167554006,398.2833668995765,0,0,365965.4612907943,13338.17843311349,4589.686390578968,297948.6987835353,4177.358232456803,3262.512490420893,6433.187184343956,745260.405018218,14588.333053021908,142686.92106914576,84202.6779467755,173680.41127569694,9711.846979643617,4552758.0425648475,1.4513253906469483
10:45 a.m.,13548.673690305475,244949.95584016532,12936.606734855824,2055360.447759535,423732.4444944711,22502.41311594773,33099.45198502282,10257.659524763378,363.6844021750345,0,0,368267.6128235523,13338.178433113491,4522.103191617763,293576.8832680546,4177.358232456802,3262.512490420894,6433.187184343956,744369.3008603874,14588.333053021908,142686.92106914573,82231.26863222882,173680.41127569694,9711.846979643617,4677597.255040926,1.4911215575244727
11:00 a.m.,13554.056125265046,243024.9363869268,12523.01706853994,2178375.098884861,445212.9434629605,21254.638541498007,33099.45198502281,8682.557214279663,315.90688185414893,0,0,368754.9166186504,13338.17843311349,4480.540701664268,290939.39762726,4177.358232456802,3262.5124904208924,6433.187184343956,743837.2976249604,14588.333053021908,142686.92106914573,80910.61252440463,173680.41127569694,9711.846979643611,4812844.12036599,1.5342354695348492
11:15 a.m.,13680.131254138554,238644.80332742244,12179.14675505986,2227305.814305892,452274.19352665055,20152.971846037,33099.4519850228,13521.441933432548,367.9567099242,0,0,369100.0063900512,7150.90124598519,4264.9321312600505,280988.8396571584,4614.344670737598,3028.1242680404885,5975.007408409824,751501.371994075,13931.8441890458,136091.5039310983,82531.57486275486,173537.86084981434,9722.443648470286,4853664.666890483,1.5472482180879672
11:30 a.m.,13681.401172386812,233868.73330625883,11799.987852376038,2354903.7097199545,475135.0768109061,19678.543844568623,33099.45198502281,7285.092077571293,266.5482712638872,0,0,364837.23564282974,7150.901245985192,4249.08758834779,280037.63724898145,4614.344670737598,3028.124268040489,5975.007408409822,751308.6976426315,13931.844189045802,136091.50393109833,87021.00499215706,173537.86084981434,9722.443648470286,4991224.23836686,1.5910993731336913
11:45 a.m.,13687.212520132243,228844.12935083653,11534.78518985205,2450974.6062922766,491463.3912953222,19156.53175403574,33099.4519850228,7264.849076090506,252.78101184383965,0,0,361263.18108890427,7150.901245985191,4196.474286617914,276764.906542192,4614.344670737598,3028.1242680404885,5975.007408409822,750519.8513389775,13931.844189045802,136091.5039310983,93767.34056043848,173537.86084981434,9722.443648470286,5096841.522504145,1.6247679855937684
12:00 p.m.,13690.240139797006,223676.46195619964,11445.192877938924,2561433.5168265174,510183.6766958841,18840.885583874937,33099.4519850228,6406.577771512558,229.8888431563816,0,0,357864.8041660275,7150.901245985192,4177.307772129043,275587.8016567507,4614.344670737597,3028.1242680404885,5975.007408409821,750246.1629313381,13931.844189045802,136091.5039310983,100462.6859675324,173537.86084981431,9722.443648470286,5221396.685385283,1.6644736033172447
12:15 p.m.,13571.09489593397,217663.70181258107,11176.886905258552,2606406.2755201315,516551.7532373268,18862.61716502424,33099.45198502281,9767.319699945752,288.5489741611652,0,0,350729.8988439374,5288.746951063388,4085.234494101755,268473.4168679431,5377.052524619147,3023.078235265883,5964.158437944426,758413.5790697079,13795.601304131464,134895.08956023894,104371.9821188929,183479.80692397573,9372.248973912683,5274657.54450112,1.6814520670176651
12:30 p.m.,13566.629156928448,212217.2579272565,10852.578378834693,2731658.085276079,539051.0041727358,19388.413780138075,33099.45198502281,4992.183194845382,188.42727385837668,0,0,348675.9784834715,5288.746951063388,4106.377371427349,269716.9359547527,5377.052524619147,3023.078235265883,5964.158437944426,758801.1900772892,13795.601304131464,134895.08956023894,106184.786213279,183479.80692397573,9372.248973912689,5413695.082157069,1.7257743672072507
12:45 p.m.,13573.416071010288,207330.28451576168,10769.722520675668,2824434.763452044,555023.4303756136,19980.55731618336,33099.45198502281,4793.596575000803,175.1057473334193,0,0,340714.928265469,5288.746951063388,4052.35118052058,266465.3397152343,5377.052524619147,3023.078235265884,5964.158437944426,757858.5743348838,13795.601304131467,134895.0895602389,102375.83042364151,183479.80692397573,9372.248973912689,5501843.135389547,1.7538741490529652
1:00 p.m.,13575.232642809142,204280.8828095216,10518.0011757145,2930394.7320851022,573275.6541860576,20690.63504822579,33099.45198502281,4015.052588261616,151.5912346037599,0,0,330691.05984920735,5288.746951063388,4042.166604370505,265746.83510845824,5377.052524619147,3023.078235265884,5964.158437944425,757672.8971488869,13795.601304131467,134895.0895602389,95048.64602267546,183479.8069239757,9372.248973912689,5604398.6214000685,1.7865667234014488
1:15 p.m.,13942.415627707882,202219.073817818,10539.993468557152,3019041.9809299163,589038.5943382976,20931.98679583514,33099.45198502282,3583.6504262513827,137.15958086838944,0,0,322193.47337633546,4870.178532409942,3938.32765992376,259148.8108534767,4461.197576028335,3023.078235265883,5964.158437944425,756694.1938620887,10393.061404215276,101889.74608646386,88204.6529000962,183753.80650363665,9361.65230508601,5646430.644703246,1.7999656657721703
1:30 p.m.,13942.432447817126,199122.35714426145,10560.808353752402,3116307.7528330954,606372.011270978,20598.67951096324,33099.4519850228,3003.272556625557,118.5481299847212,0,0,315265.68246947933,4870.178532409942,3953.9367213065375,260024.05364828664,4461.197576028336,3023.078235265884,5964.158437944425,757027.4843268517,10393.061404215276,101889.74608646386,82394.15457019316,183753.80650363668,9361.652305086009,5745507.505049667,1.831549325984725
1:45 p.m.,13942.491318199498,196590.829781679,10607.711228392349,3212956.2603670675,623350.8518906415,20096.7926811464,33099.4519850228,2643.0194567372537,105.4200347161237,0,0,307046.30901363527,4870.178532409939,3938.184688995148,258936.44015410295,4461.197576028336,3023.0782352658834,5964.158437944425,756759.624087066,10393.061404215276,101889.74608646384,77619.83384039128,183753.8065036367,9361.65230508601,5841410.099608844,1.8621210957144956
2:00 p.m.,13942.491318199496,193624.5782855097,10801.78164890367,3313525.3503457094,640855.5311756923,19502.420480625664,33099.45198502282,2330.9391497371817,94.5710642507228,0,0,300886.0449219605,4870.178532409939,3951.4725753016046,259593.6522827768,4461.197576028336,3023.0782352658834,5964.158437944425,757044.5987880122,10393.061404215276,101889.74608646384,73798.60778105688,183753.80650363665,9361.652305086014,5946768.370883809,1.8957071402146515
2:15 p.m.,14211.74762705247,192718.82381252287,10972.65713876104,3398420.310348941,656613.1898136277,18944.26197531734,33099.4519850228,2107.904501099639,86.80858383245544,0,0,294750.5063908811,4859.581863583271,3937.410963969703,258676.6031064293,5322.3030690146825,5128.787712108568,10098.87769345581,749249.2686963866,8643.854142898443,84701.44464632699,71664.74144133193,183753.80650363668,9361.65230508601,6017323.994321286,1.9181988181800473
2:30 p.m.,14213.984701582542,195047.08856488956,11027.894377533712,3484531.414711181,672426.2118411557,18251.424855254827,33099.4519850228,1818.5902119676584,76.46421664451509,0,0,286757.3381742682,4859.58186358327,3984.078357080176,261511.90164204297,5322.303069014683,5128.787712108571,10098.877693455812,750059.997962173,8643.854142898444,84701.44464632699,69818.12051730133,183753.8065036367,9361.65230508601,6114494.27005421,1.9491746985296892
2:45 p.m.,14214.817296990352,197141.62948919096,11206.717369011096,3570145.013882065,687960.6928595257,17655.210852771368,33099.4519850228,1636.8741616995069,70.10621534851276,0,0,285280.1709498849,4859.58186358327,4004.0606468676106,262870.78985818947,5322.303069014682,5128.787712108568,10098.877693455812,750471.3085036861,8643.854142898444,84701.44464632699,70900.04040450435,183753.8065036367,9361.65230508601,6218527.192410868,1.9823382491220594
3:00 p.m.,14218.744792499918,198764.8625422899,11457.429507417351,3660149.645543246,704180.9381420184,17211.218838988494,33099.45198502281,1480.64057694311,64.42101842245772,0,0,286284.44921279605,4859.581863583271,4060.576213943185,266290.8479018881,5322.303069014682,5128.787712108568,10098.877693455812,751436.0174595888,8643.854142898446,84701.44464632697,74466.53431932215,183753.80650363665,9361.65230508601,6335036.085990498,2.01947888209825
3:15 p.m.,14302.416425957495,200248.06818589327,11535.659835532972,3734155.603221064,719264.3038303388,17133.13148180149,33099.4519850228,1401.073050142212,61.54477974093286,0,0,287084.4892991551,5229.960669239244,4114.05575129937,269512.68936814583,4377.433431969891,12377.918396106175,24302.45074741406,767715.8984394167,7044.261753348642,68895.75618643133,78797.71245085815,178990.0992627729,9711.846979643617,6449355.825531295,2.0559216579050297
3:30 p.m.,14316.536907671769,204742.69572905343,11674.434146889234,3804283.5417406727,733397.3081159441,17088.448861582347,33099.4519850228,1346.5422559579804,58.39100925680471,0,0,286858.83912352927,5229.960669239244,4230.787309485223,276477.01355229,4377.433431969892,12377.918396106175,24302.45074741406,770210.4636119247,7044.261753348644,68895.75618643133,85489.03785184163,178990.09926277297,9711.846979643617,6554203.219628048,2.0893448452945487
3:45 p.m.,14326.61215311173,209335.01446673,11454.59531900894,3872257.295228581,746905.7144647093,17505.007277180623,33099.45198502281,1333.237549542272,57.42385297500537,0,0,292365.4485396363,5229.960669239244,4324.794900076109,282147.8208748825,4377.433431969892,12377.918396106175,24302.450747414063,772219.4574605876,7044.261753348643,68895.75618643133,94906.2385677214,178990.0992627729,9711.846979643617,6663167.840066692,2.124080519548768
4:00 p.m.,14340.833555481497,211307.44980794055,11227.994807210676,3936000.976261649,759386.7569506188,18204.749052089734,33099.4519850228,1363.2025741688017,57.6256942859896,0,0,301114.6806669779,5229.960669239244,4443.9233238299,289086.0991198552,4377.433431969892,12377.91839610618,24302.45074741406,774745.2743960803,7044.261753348643,68895.75618643133,108036.76434210532,178990.0992627729,9711.846979643617,6773345.509964242,2.1592028889586192
4:15 p.m.,16266.92949571271,211743.71298152363,11109.093454931744,3986567.237055749,771077.456143152,19194.864783013487,36319.32549849737,1363.7576377740086,56.919249697544885,0,0,303799.1364628493,10010.3198182612,4599.315903123856,299138.4944414028,8093.331967189095,26903.680642722964,52898.57078273959,795248.810959084,4292.660081356512,42172.72351703902,123239.63690663714,192172.60758478648,13082.849174718527,6929351.434541961,2.208934361027678
4:30 p.m.,16396.208855398127,208739.3807580155,10924.147943687838,4015063.151290225,778129.9092897045,20675.01757678838,36319.325498497376,1350.839793871019,57.020170353037,0,0,310113.67459655285,10010.319818261203,4749.788600462564,308149.3633681073,8093.331967189094,26903.680642722964,52898.5707827396,799152.4219135183,4292.660081356512,42172.72351703903,139209.91854558545,192172.60758478648,13082.849174718527,6998656.91176958,2.2310275181581374
4:45 p.m.,16500.350561811378,205775.84570949004,10527.571817877,4035618.5610701446,783330.8720905992,22931.92301566749,36319.325498497376,1391.0314449207483,57.39021275650806,0,0,322757.9057823938,10010.3198182612,4870.119662027636,315195.62671445654,8093.331967189096,26903.680642722964,52898.57078273962,802274.6294626408,4292.660081356512,42172.72351703902,157161.8361255036,192172.60758478648,13082.849174718527,7064339.732737601,2.2519658471685897
5:00 p.m.,16624.264306646488,201138.1967773884,10035.995715029594,4051170.198599948,787326.0180795654,25795.622305747464,36319.325498497376,1470.6157918308948,59.24042477386321,0,0,336367.12345594045,10010.319818261203,5004.588025416228,323388.9374110197,8093.331967189095,26903.68064272296,52898.5707827396,805842.7969783291,4292.660081356512,42172.72351703901,175409.148464047,192172.60758478648,13082.849174718527,7125578.815402993,2.271487604033609
5:15 p.m.,20978.275736488184,195554.5428508676,9568.93492141216,4104046.079055314,802137.4782918255,30279.65318008087,39629.270696997504,1485.350207532741,58.12188750882574,0,0,352455.7934338357,21099.56554428137,5454.8455298942,351293.6668556791,13502.174498288554,26379.65013908025,51949.91662111381,850193.1527593554,2666.071416462576,26179.07033628976,188759.5467065297,209506.234768828,16554.519723646747,7319731.915161313,2.333379608993599
5:30 p.m.,21287.404114315115,188752.15426851495,9355.933467941455,4075764.310041736,799782.452745644,36317.3323155513,39629.2706969975,1361.4448727523145,55.71661188626403,0,0,369573.0299123972,21099.56554428136,5637.251204641539,363001.42163899005,13502.17449828855,26379.65013908025,51949.91662111381,856637.5505465138,2666.071416462576,26179.07033628976,197689.3931669836,209506.23476882803,16554.519723646747,7332681.868652858,2.3375077871515995
5:45 p.m.,21508.159638149467,181744.0389299418,9453.28826027284,4026014.160948384,792418.6425567886,43270.37020638972,39629.2706969975,1359.4685099155936,56.19598499985151,0,0,381443.2333108318,21099.56554428136,5768.977890222601,371394.70661441085,13502.17449828855,26379.65013908025,51949.91662111381,861369.1229686606,2666.071416462576,26179.07033628976,199631.1402188702,209506.23476882803,16554.519723646747,7302897.979782825,2.328013297493868
6:00 p.m.,21716.05618846318,176953.0915221476,9583.93845886199,3958021.4175571287,780838.8131143686,52049.52530808456,39629.2706969975,1384.1688403472856,57.63410434061393,0,0,392883.54835708864,21099.56554428136,5889.443512661673,379087.0387670563,13502.174498288552,26379.65013908025,51949.91662111382,865730.7454979368,2666.071416462576,26179.07033628977,196109.766247112,209506.23476882803,16554.519723646747,7247771.661220587,2.310440163785845
6:15 p.m.,24032.95895703179,176502.16121329973,9703.117342943531,3907050.97794784,776400.415196428,60530.9897062416,39719.34238202412,1442.7196406419532,57.55000379437055,0,0,404888.0603278738,27200.63967150857,6839.998346632529,449809.584968715,12218.968363706408,14966.53320947855,29563.44451821729,882443.374248522,1501.4470520837324,14873.938508064548,189957.4412470025,216999.59343910983,19271.051467855392,7265974.307759013,2.316242792181908
6:30 p.m.,24302.66099877973,176855.71149965242,9819.70593020078,3792002.187591764,758065.7308003914,67677.22337191037,39719.34238202412,1431.0212546594933,60.49352291289016,0,0,417042.1030698804,27200.639671508576,6978.982909354401,459901.3561660128,12218.968363706408,14966.53320947855,29563.44451821728,887612.1770005337,1501.4470520837322,14873.938508064548,179994.68869769637,216999.59343910977,19271.0514678554,7158059.001425796,2.28184161762869
6:45 p.m.,24476.60615857493,176554.1605810421,10185.484435977269,3668381.978893265,737158.2929540039,72864.35163294802,39719.34238202413,1529.4357138735404,64.31168771234131,0,0,420979.51403384976,27200.63967150857,7072.435436340094,466505.06561791984,12218.968363706408,14966.53320947855,29563.44451821728,891042.8148929499,1501.447052083732,14873.938508064548,166600.86093313358,216999.5934391098,19271.051467855392,7019730.271583637,2.2377452707552314
7:00 p.m.,24654.99182721179,178278.7347923642,10777.123368745091,3535494.5375729487,713792.3606593936,75896.74820873764,39719.34238202413,1664.1227386823728,68.82788704561281,0,0,421126.1181060615,27200.63967150857,7166.333696220873,473299.4562383251,12218.968363706408,14966.533209478548,29563.44451821728,894512.1390366378,1501.447052083732,14873.938508064548,150982.19526797428,216999.5934391098,19271.051467855395,6864028.648012396,2.188110803572655
7:15 p.m.,27206.37532876219,182361.11827794832,11181.234903499337,3421576.950024171,697538.9545315164,75762.10323420195,39719.34238202413,1848.7402577959235,72.02370780286266,0,0,423789.1871330233,35492.19662619341,9265.16374838094,608992.7272628535,8278.77367165585,13219.09205963284,26048.63038906617,859827.6608766766,925.9470141400265,9115.15360404655,135248.26980418834,210174.3295081856,22237.86643768439,6819881.840783449,2.17403771169113
7:30 p.m.,27494.8906627048,189965.67469047985,11611.619448900026,3254495.891792096,669004.396096041,73172.35306345527,39719.34238202413,1916.1384355553985,76.91835959422954,0,0,425603.46298696863,35492.19662619341,9418.95000724166,619590.8173887549,8278.77367165585,13219.09205963284,26048.63038906617,863102.3511261935,925.9470141400265,9115.153604046547,121239.43997511138,210174.32950818556,22237.866437684384,6631904.235725727,2.1141143271091587
7:45 p.m.,27694.007115990666,199536.64484511103,11857.72287737214,3102296.3831675192,642768.1373883057,70317.6441217687,39719.34238202412,2126.8607642229044,84.21828700815819,0,0,425502.9712442623,35492.1966261934,9532.393234069405,627115.8567348128,8278.77367165585,13219.09205963284,26048.63038906616,865406.0332888935,925.9470141400265,9115.153604046547,108803.5006121519,210174.32950818556,22237.86643768439,6458253.705374118,2.058758118533528
8:00 p.m.,27954.819730000683,206810.1310473008,11828.102664985212,2959722.829634713,617930.3866640521,66039.5754851854,39719.34238202413,2349.8870028058227,91.73687584231972,0,0,420987.3185645415,35492.1966261934,9684.985265173456,637251.8479993263,8278.77367165585,13219.092059632843,26048.63038906617,868347.9460869799,925.9470141400265,9115.15360404655,97148.97306455857,210174.3295081856,22237.866437684388,6291359.871778094,2.005555805567241
8:15 p.m.,28761.730830987683,211626.9561931741,11779.694390567494,2907116.726911588,610670.2303984419,61234.54964595014,36499.468868550735,2403.358130107389,90.92110054375854,0,0,421584.0708105209,49900.21810806958,12161.401539802471,809827.9181821812,6317.633033805541,11068.725192734904,21794.57245843537,827508.3928390449,462.9735070700127,4627.968959229006,87188.25574847142,203878.89901858912,23696.42221118395,6350201.08807905,2.0243131720768868
8:30 p.m.,28958.82046110909,213749.75490101337,11775.422082818332,2805502.98199779,592587.7467204805,56357.33189781952,36499.468868550735,2454.373521458643,93.81415933453204,0,0,420139.7953097733,49900.21810806959,12308.29155387122,820150.579019136,6317.633033805541,11068.725192734904,21794.57245843537,829182.0609897263,462.9735070700127,4627.968959229006,78611.67363251305,203878.89901858912,23696.422211183955,6230119.527604512,1.986033646559422
8:45 p.m.,28902.128282886417,213515.946972402,11867.301929589268,2713729.2701162123,576177.6444548429,51898.80871916173,36499.46886855073,2606.5198196676124,99.02839320162404,0,0,420783.1644885354,49900.2181080696,12283.784654695886,818484.4967377259,6317.63303380554,11068.725192734904,21794.572458435367,828739.5155053384,462.9735070700127,4627.968959229009,71033.9873445063,203878.89901858917,23696.42221118396,6108368.478776434,1.9472219225780307
9:00 p.m.,28954.590203633063,213523.97857456832,11701.42201217875,2621166.425989128,559282.0381457963,47792.09494554941,36499.46886855074,2773.6444251625303,104.56220914444084,0,0,418204.4062591829,49900.2181080696,12344.1099765163,822177.3937735476,6317.633033805542,11068.725192734904,21794.57245843537,829175.896419686,462.9735070700127,4627.968959229007,63672.9777038411,203878.8990185891,23696.422211183955,5989120.421995604,1.9092081008521067
9:15 p.m.,27773.128909896528,214115.60909728156,11368.535230038053,2599562.433778537,557440.7828366162,43961.49167530888,36409.39718352407,3062.7736930927763,106.36196083405,0,0,416584.1671855303,58226.08808562092,13431.36183835121,888121.2796572176,6041.61504103464,9333.899124825684,18339.80611930208,796680.2274863083,346.6624516153665,3403.8014081098268,57046.88068652392,201260.26031021,25152.707269935054,5987769.2710297145,1.908777381783564
9:30 p.m.,27679.710023129348,213482.0628623205,10720.212529102177,2522037.263512996,542851.2471457829,39653.88692688492,36409.39718352407,3184.643794654113,116.0755739251647,0,0,415535.5847548579,58226.08808562092,13397.174966303262,885718.9811939932,6041.61504103464,9333.899124825684,18339.80611930208,796080.5149011011,346.6624516153665,3403.8014081098268,50981.60816183104,201260.26031021,25152.707269935054,5879953.203341059,1.8744078424640305
9:45 p.m.,26845.558755214217,207480.5469617349,9793.306768734972,2450120.783906591,529121.1181169015,35724.36459415283,36409.39718352407,3540.271364499028,126.54609193247016,0,0,411773.8514219364,58226.088085620926,12708.75312491852,841130.385385567,6041.61504103464,9333.899124825684,18339.80611930208,790496.5834427782,346.6624516153666,3403.801408109828,45365.87828697311,201260.26031021003,25152.707269935057,5722742.185216112,1.8242922114199405
10:00 p.m.,26522.78085873204,199252.07382678715,8714.843413982508,2375930.334860477,514647.03565595165,31482.509652781973,36409.39718352407,3924.787471978552,138.57247004527886,0,0,402480.2028185429,58226.08808562091,12454.130311111956,824770.6845772929,6041.61504103464,9333.899124825684,18339.80611930208,788317.243937699,346.6624516153664,3403.801408109827,39808.33758006095,201260.26031021,25152.707269935057,5586957.774429621,1.7810069410001117
10:15 p.m.,21806.741807477418,187579.11143945728,7603.934068489339,2328589.851438201,506599.99262941466,27221.261125447392,36409.39718352407,4528.393912476809,148.43746411963173,0,0,395430.7100112176,50970.98626284066,7796.086996546261,508755.9690027484,5228.9514626845,5272.095042907354,10424.346807417842,726108.4735640638,345.1486417829849,3378.82354587553,35078.20327725541,192780.9068357648,22074.627277425883,5084132.449797139,1.620716595263158
10:30 p.m.,21415.363095424447,173318.27432356184,6468.938326552049,2245175.6329325684,489771.8854187831,23314.496400528777,36409.39718352407,4655.040925064773,159.34530496740294,0,0,380439.2157596139,50970.98626284066,7492.425154225143,488334.5566231565,5228.9514626845,5272.095042907354,10424.346807417842,724792.0477137154,345.1486417829849,3378.82354587553,30663.126440786986,192780.9068357648,22074.627277425883,4922885.631479171,1.5693144343317014
10:45 p.m.,20297.557505139303,156657.28330837082,5518.492823291314,2175766.888644215,475846.4076410876,19695.868557094764,36409.39718352407,5056.721954032581,170.13540505043338,0,0,356719.2117552634,50970.98626284066,6600.6145518053,428105.0421450339,5228.951462684499,5272.095042907354,10424.346807417838,721054.1905258724,345.14864178298507,3378.82354587553,26583.080950388463,192780.90683576485,22074.627277425887,4724956.778826869,1.5062187972013623
11:00 p.m.,19893.496430712767,139103.85934671797,4655.848290308709,2106541.020993669,461743.04879803327,16400.035430252236,36409.39718352407,5468.427768112612,182.9018679701842,0,0,333378.18163239496,50970.98626284066,6273.589577737765,406387.4889668484,5228.9514626845,5272.095042907356,10424.346807417842,719711.2477732935,345.1486417829849,3378.8235458755303,22709.031337958542,192780.9068357648,22074.627277425883,4569333.461274234,1.4566092923629255
11:15 p.m.,17033.53961494017,121099.3200550152,3900.9281470092974,2069921.9947885773,455404.8111303978,13816.988073041162,33189.52367004946,5823.85349664654,196.038373293406,0,0,306654.8293809269,35410.87139797608,2517.390060758893,175421.92333702053,4838.13622429133,5177.229626744777,10211.908827606969,691865.3887110059,345.148641782985,3378.82354587553,19370.895636355574,179230.29042284397,19243.04598595632,4174052.879148116,1.3306019930718453
11:30 p.m.,16775.83872114102,104187.2048087415,3139.246319791916,1998168.6197815607,440563.9998274985,11824.932074391829,33189.52367004946,6270.553548018451,209.63743162096665,0,0,282730.2003375113,35410.87139797608,2407.916379713836,167785.4003068618,4838.136224291332,5177.229626744777,10211.908827606969,692475.7063750941,345.1486417829849,3378.8235458755303,16236.190746060822,179230.29042284406,19243.045985956316,4033800.425001135,1.285892402555283
11:45 p.m.,16184.998743562328,89035.50742659878,2534.3447308815103,1942063.084919195,429052.2329571534,9874.169443948029,33189.52367004945,6790.908857790349,225.5997152979673,0,0,252186.37893162537,35410.87139797609,2156.750098357864,150054.3812217066,4838.136224291331,5177.229626744777,10211.908827606969,693835.8645094889,345.148641782985,3378.82354587553,13784.172039896976,179230.29042284406,19243.045985956316,3898803.371938631,1.2428581255433315
12:00 a.m.,15985.344046780388,74703.97539153113,2063.112550170394,1884146.14203151,416990.8690171071,8045.260094956293,33189.52367004946,7366.871448738396,243.6224623579315,0,0,224137.44228032336,35410.87139797608,2071.917877362126,143970.16925399972,4838.13622429133,5177.229626744778,10211.908827606969,694292.6398063014,345.14864178298507,3378.82354587553,11810.458370383343,179230.29042284397,19243.04598595632,3776852.802974649,1.20398279865652
